id,practiceid,cptid,cptcode,chargeamt,allowedamt,createdby,createdDate,changedby,changeddate,deletedby,isdeleted,isactive,createdusertype,changedusertype,feescategoryid
8673,77,1739,71020,104,69.33,4,12-10-2015,4,20-10-2015,0,0,1,Users,Users,88
8674,77,2273,73520,116,77.33,4,12-10-2015,3,20-09-2016,0,0,1,Users,Users,88
8697,77,3538,72146,1657,1104.67,4,13-10-2015,3,20-09-2016,0,0,1,Users,Users,88
8698,77,3537,72141,1516,1010.67,4,13-10-2015,3,20-09-2016,0,0,1,Users,Users,88
8699,77,1741,72148,1639,1092.67,4,13-10-2015,3,20-09-2016,0,0,1,Users,Users,88
8700,77,3539,70553,3190,2126.67,4,13-10-2015,3,20-09-2016,0,0,1,Users,Users,88
8701,77,1738,70551,1499,999.33,4,13-10-2015,3,20-09-2016,0,0,1,Users,Users,88
8962,77,2673,10022,350,233.33,4,14-10-2015,4,20-10-2015,0,0,1,Users,Users,88
8963,77,3550,19081,2600,1733.33,4,14-10-2015,4,20-10-2015,0,0,1,Users,Users,88
8964,77,3566,19082,2000,1333.33,4,14-10-2015,4,20-10-2015,0,0,1,Users,Users,88
8965,77,3562,19083,2500,1666.67,4,14-10-2015,4,20-10-2015,0,0,1,Users,Users,88
8966,77,3567,23350,400,266.67,4,14-10-2015,4,20-10-2015,0,0,1,Users,Users,88
8967,77,3568,51798,50,33.33,4,14-10-2015,4,20-10-2015,0,0,1,Users,Users,88
8968,77,3570,58340,375,250,4,14-10-2015,4,20-10-2015,0,0,1,Users,Users,88
8969,77,3572,70220,127,84.67,4,14-10-2015,3,20-09-2016,0,0,1,Users,Users,88
8970,77,1734,70450,665,443.33,4,14-10-2015,3,20-09-2016,0,0,1,Users,Users,88
8971,77,1735,70470,996,664,4,14-10-2015,3,20-09-2016,0,0,1,Users,Users,88
8972,77,3573,70486,708,472,4,14-10-2015,3,20-09-2016,0,0,1,Users,Users,88
8973,77,3574,70490,729,486,4,14-10-2015,3,20-09-2016,0,0,1,Users,Users,88
8974,77,1736,70492,1021,680.67,4,14-10-2015,3,20-09-2016,0,0,1,Users,Users,88
8975,77,3576,70496,1472,981.33,4,14-10-2015,3,20-09-2016,0,0,1,Users,Users,88
8976,77,3577,70498,1472,981.33,4,14-10-2015,3,20-09-2016,0,0,1,Users,Users,88
8977,77,3578,70543,3105,2070,4,14-10-2015,3,20-09-2016,0,0,1,Users,Users,88
8978,77,3579,70544,1457,971.33,4,14-10-2015,3,20-09-2016,0,0,1,Users,Users,88
8979,77,3581,70547,1456,970.67,4,14-10-2015,4,20-10-2015,0,0,1,Users,Users,88
8980,77,3540,71010,80,53.33,4,14-10-2015,3,20-09-2016,0,0,1,Users,Users,88
8981,77,3541,71030,135,90,4,14-10-2015,3,20-09-2016,0,0,1,Users,Users,88
8982,77,2163,71100,99,66,4,14-10-2015,4,20-10-2015,0,0,1,Users,Users,88
8983,77,3542,71130,114,76,4,14-10-2015,4,20-10-2015,0,0,1,Users,Users,88
8984,77,3543,71250,847,564.67,4,14-10-2015,4,20-10-2015,0,0,1,Users,Users,88
8985,77,3544,71275,1669,1112.67,4,14-10-2015,3,20-09-2016,0,0,1,Users,Users,88
8986,77,2172,72040,102,68,4,14-10-2015,3,20-09-2016,0,0,1,Users,Users,88
8987,77,2625,72050,148,98.67,4,14-10-2015,3,20-09-2016,0,0,1,Users,Users,88
8988,77,2177,72052,183,122,4,14-10-2015,3,20-09-2016,0,0,1,Users,Users,88
8989,77,3545,72072,117,78,4,14-10-2015,4,20-10-2015,0,0,1,Users,Users,88
8990,77,2186,72080,109,72.67,4,14-10-2015,3,20-09-2016,0,0,1,Users,Users,88
8991,77,2188,72100,109,72.67,4,14-10-2015,4,20-10-2015,0,0,1,Users,Users,88
8992,77,2192,72110,151,100.67,4,14-10-2015,3,20-09-2016,0,0,1,Users,Users,88
8993,77,3546,72125,847,564.67,4,14-10-2015,3,20-09-2016,0,0,1,Users,Users,88
8994,77,3547,72128,847,564.67,4,14-10-2015,3,20-09-2016,0,0,1,Users,Users,88
8995,77,3549,72131,847,564.67,4,14-10-2015,3,20-09-2016,0,0,1,Users,Users,88
8996,77,3548,72156,3221,2147.33,4,14-10-2015,3,20-09-2016,0,0,1,Users,Users,88
8997,77,1743,72157,3220,2146.67,4,14-10-2015,3,20-09-2016,0,0,1,Users,Users,88
8998,77,1744,72158,3190,2126.67,4,14-10-2015,3,20-09-2016,0,0,1,Users,Users,88
8999,77,2208,72170,84,56,4,14-10-2015,3,20-09-2016,0,0,1,Users,Users,88
9000,77,3551,72192,837,558,4,14-10-2015,4,20-10-2015,0,0,1,Users,Users,88
9001,77,3554,72194,1147,764.67,4,14-10-2015,3,20-09-2016,0,0,1,Users,Users,88
9002,77,3558,72196,1770,1180,4,14-10-2015,3,20-09-2016,0,0,1,Users,Users,88
9003,77,3559,72197,3129,2086,4,14-10-2015,3,20-09-2016,0,0,1,Users,Users,88
9004,77,2963,72220,92,61.33,4,14-10-2015,3,20-09-2016,0,0,1,Users,Users,88
9005,77,2184,73000,82,54.67,4,14-10-2015,3,20-09-2016,0,0,1,Users,Users,88
9006,77,2189,73030,93,62,4,14-10-2015,3,20-09-2016,0,0,1,Users,Users,88
9007,77,2199,73080,92,61.33,4,14-10-2015,3,20-09-2016,0,0,1,Users,Users,88
9008,77,2215,73110,85,56.67,4,14-10-2015,3,20-09-2016,0,0,1,Users,Users,88
9009,77,2218,73120,79,52.67,4,14-10-2015,3,20-09-2016,0,0,1,Users,Users,88
9010,77,2219,73130,85,56.67,4,14-10-2015,3,20-09-2016,0,0,1,Users,Users,88
9011,77,2221,73140,67,44.67,4,14-10-2015,3,20-09-2016,0,0,1,Users,Users,88
9012,77,3563,73200,727,484.67,4,14-10-2015,3,20-09-2016,0,0,1,Users,Users,88
9013,77,3571,73218,1455,970,4,14-10-2015,3,20-09-2016,0,0,1,Users,Users,88
9014,77,2035,73221,1455,970,4,14-10-2015,3,20-09-2016,0,0,1,Users,Users,88
9015,77,3569,73223,3105,2070,4,14-10-2015,3,20-09-2016,0,0,1,Users,Users,88
9016,77,2266,73500,79,52.67,4,14-10-2015,3,20-09-2016,0,0,1,Users,Users,88
9017,77,2269,73510,98,65.33,4,14-10-2015,3,20-09-2016,0,0,1,Users,Users,88
9018,77,2223,73560,84,56,4,14-10-2015,3,20-09-2016,0,0,1,Users,Users,88
9019,77,2225,73562,93,62,4,14-10-2015,3,20-09-2016,0,0,1,Users,Users,88
9020,77,3575,73565,81,54,4,14-10-2015,3,20-09-2016,0,0,1,Users,Users,88
9021,77,2229,73590,84,56,4,14-10-2015,3,20-09-2016,0,0,1,Users,Users,88
9022,77,2234,73610,85,56.67,4,14-10-2015,3,20-09-2016,0,0,1,Users,Users,88
9023,77,2238,73630,85,56.67,4,14-10-2015,3,20-09-2016,0,0,1,Users,Users,88
9024,77,3580,73700,727,484.67,4,14-10-2015,3,20-09-2016,0,0,1,Users,Users,88
9025,77,3582,73718,1455,970,4,14-10-2015,3,20-09-2016,0,0,1,Users,Users,88
9026,77,1746,73721,1455,970,4,14-10-2015,3,20-09-2016,0,0,1,Users,Users,88
9027,77,3583,74000,85,56.67,4,14-10-2015,3,20-09-2016,0,0,1,Users,Users,88
9028,77,3584,74010,101,67.33,4,14-10-2015,3,20-09-2016,0,0,1,Users,Users,88
9029,77,3588,74020,112,74.67,4,14-10-2015,3,20-09-2016,0,0,1,Users,Users,88
9030,77,3593,74174,1500,1000,4,14-10-2015,3,20-09-2016,0,0,1,Users,Users,88
9031,77,3595,74176,1000,666.67,4,14-10-2015,3,20-09-2016,0,0,1,Users,Users,88
9032,77,3597,74177,1200,800,4,14-10-2015,4,20-10-2015,0,0,1,Users,Users,88
9033,77,1748,74178,1500,1000,4,14-10-2015,4,20-10-2015,0,0,1,Users,Users,88
9034,77,3600,74183,3129,2086,4,14-10-2015,3,20-09-2016,0,0,1,Users,Users,88
9035,77,3197,74220,200,133.33,4,14-10-2015,4,20-10-2015,0,0,1,Users,Users,88
9036,77,3199,74240,180,120,4,14-10-2015,4,20-10-2015,0,0,1,Users,Users,88
9037,77,3605,74246,205,136.67,4,14-10-2015,4,20-10-2015,0,0,1,Users,Users,88
9038,77,3586,74740,200,133.33,4,14-10-2015,4,20-10-2015,0,0,1,Users,Users,88
9039,77,3589,75571,395,263.33,4,14-10-2015,4,20-10-2015,0,0,1,Users,Users,88
9040,77,3592,75635,1400,933.33,4,14-10-2015,3,20-09-2016,0,0,1,Users,Users,88
9041,77,1595,76536,245,163.33,4,14-10-2015,3,20-09-2016,0,0,1,Users,Users,88
9042,77,3598,76604,231,154,4,14-10-2015,3,20-09-2016,0,0,1,Users,Users,88
9043,77,3601,76642,403.5,269,4,14-10-2015,4,16-10-2015,0,0,1,Users,Users,88
9044,77,1597,76700,348,232,4,14-10-2015,3,20-09-2016,0,0,1,Users,Users,88
9045,77,1749,76705,250,166.67,4,14-10-2015,3,20-09-2016,0,0,1,Users,Users,88
9046,77,1598,76770,336,224,4,14-10-2015,3,20-09-2016,0,0,1,Users,Users,88
9047,77,1750,76830,278,185.33,4,14-10-2015,3,20-09-2016,0,0,1,Users,Users,88
9048,77,1599,76856,290,193.33,4,14-10-2015,3,20-09-2016,0,0,1,Users,Users,88
9049,77,3608,76870,271,180.67,4,14-10-2015,3,20-09-2016,0,0,1,Users,Users,88
9050,77,1600,76881,213,142,4,14-10-2015,3,20-09-2016,0,0,1,Users,Users,88
9051,77,2744,76882,56,37.33,4,14-10-2015,3,20-09-2016,0,0,1,Users,Users,88
9052,77,3610,76942,400,266.67,4,14-10-2015,4,20-10-2015,0,0,1,Users,Users,88
9053,77,3200,77002,200,133.33,4,14-10-2015,4,20-10-2015,0,0,1,Users,Users,88
9054,77,3612,77051,56,37.33,4,14-10-2015,4,20-10-2015,0,0,1,Users,Users,88
9055,77,3614,77052,56,37.33,4,14-10-2015,4,20-10-2015,0,0,1,Users,Users,88
9056,77,3615,77072,90,60,4,14-10-2015,3,20-09-2016,0,0,1,Users,Users,88
9057,77,3616,77075,275,183.33,4,14-10-2015,3,20-09-2016,0,0,1,Users,Users,88
9058,77,1752,77080,398,265.33,4,14-10-2015,3,20-09-2016,0,0,1,Users,Users,88
9059,77,3585,78227,790,526.67,4,14-10-2015,4,20-10-2015,0,0,1,Users,Users,88
9060,77,3587,78261,702.18,468.12,4,14-10-2015,4,16-10-2015,0,0,1,Users,Users,88
9061,77,3590,78306,470,313.33,4,14-10-2015,4,20-10-2015,0,0,1,Users,Users,88
9062,77,3591,78812,6420,4280,4,14-10-2015,4,20-10-2015,0,0,1,Users,Users,88
9063,77,3594,78815,6420,4280,4,14-10-2015,4,20-10-2015,0,0,1,Users,Users,88
9064,77,1846,93880,710,473.33,4,14-10-2015,3,20-09-2016,0,0,1,Users,Users,88
9065,77,1848,93925,840,560,4,14-10-2015,3,20-09-2016,0,0,1,Users,Users,88
9066,77,3596,93931,440,293.33,4,14-10-2015,4,20-10-2015,0,0,1,Users,Users,88
9067,77,1850,93970,693,462,4,14-10-2015,3,20-09-2016,0,0,1,Users,Users,88
9068,77,1851,93971,471,314,4,14-10-2015,3,20-09-2016,0,0,1,Users,Users,88
9069,77,3599,93976,639,426,4,14-10-2015,3,20-09-2016,0,0,1,Users,Users,88
9070,77,3602,A9503,50,33.33,4,14-10-2015,4,20-10-2015,0,0,1,Users,Users,88
9071,77,3603,A9537,63.06,50,4,14-10-2015,3,26-04-2017,0,0,1,Users,Users,88
9072,77,3604,A9541,115,76.67,4,14-10-2015,4,20-10-2015,0,0,1,Users,Users,88
9073,77,3606,A9552,500,333.33,4,14-10-2015,4,20-10-2015,0,0,1,Users,Users,88
9074,77,3607,A9579,6,4,4,14-10-2015,3,21-09-2016,0,0,1,Users,Users,88
9075,77,1890,G0202,310,206.67,4,14-10-2015,4,20-10-2015,0,0,1,Users,Users,88
9076,77,1891,G0204,340,226.67,4,14-10-2015,4,20-10-2015,0,0,1,Users,Users,88
9077,77,1892,G0206,275,183.33,4,14-10-2015,4,20-10-2015,0,0,1,Users,Users,88
9078,77,3609,J2805,100,66.67,4,14-10-2015,4,20-10-2015,0,0,1,Users,Users,88
9079,77,3521,Q9967,2,1.33,4,14-10-2015,4,20-10-2015,0,0,1,Users,Users,88
9797,77,2169,72020,70,46.67,4,16-10-2015,4,20-10-2015,0,0,1,Users,Users,88
9798,77,2187,73020,76,50.67,4,16-10-2015,3,20-09-2016,0,0,1,Users,Users,88
9799,77,2235,73620,79,52.67,4,16-10-2015,3,20-09-2016,0,0,1,Users,Users,88
9800,77,2202,73090,82,54.67,4,16-10-2015,3,20-09-2016,0,0,1,Users,Users,88
9801,77,2244,73650,77,51.33,4,16-10-2015,3,20-09-2016,0,0,1,Users,Users,88
9802,77,2197,73070,81,54,4,16-10-2015,3,20-09-2016,0,0,1,Users,Users,88
9803,77,2230,73600,79,52.67,4,16-10-2015,3,20-09-2016,0,0,1,Users,Users,88
9804,77,2316,73660,67,44.67,4,16-10-2015,3,20-09-2016,0,0,1,Users,Users,88
9805,77,2210,72200,84,56,4,16-10-2015,3,20-09-2016,0,0,1,Users,Users,88
9806,77,2193,73060,92,61.33,4,16-10-2015,3,20-09-2016,0,0,1,Users,Users,88
9807,77,2281,73550,92,61.33,4,16-10-2015,3,20-09-2016,0,0,1,Users,Users,88
9808,77,2205,73100,79,52.67,4,16-10-2015,3,20-09-2016,0,0,1,Users,Users,88
9809,77,2217,73010,84,56,4,16-10-2015,3,20-09-2016,0,0,1,Users,Users,88
9810,77,3525,76937,97.98,65.32,4,16-10-2015,0,16-10-2015,0,0,1,Users,NULL,88
9811,77,2180,72070,107,71.33,4,16-10-2015,3,20-09-2016,0,0,1,Users,Users,88
9812,77,2232,73050,107,71.33,4,16-10-2015,3,20-09-2016,0,0,1,Users,Users,88
9813,77,1745,73564,104,69.33,4,16-10-2015,3,20-09-2016,0,0,1,Users,Users,88
9814,77,2279,73530,124.5,83,4,16-10-2015,0,16-10-2015,0,0,1,Users,NULL,88
9815,77,2183,72074,138,92,4,16-10-2015,3,20-09-2016,0,0,1,Users,Users,88
9816,77,2182,72120,135,90,4,16-10-2015,3,20-09-2016,0,0,1,Users,Users,88
9817,77,3335,74710,163.5,109,4,16-10-2015,0,16-10-2015,0,0,1,Users,NULL,88
9818,77,2196,72114,189,126,4,16-10-2015,3,20-09-2016,0,0,1,Users,Users,88
9819,77,2166,72010,184,122.67,4,16-10-2015,4,20-10-2015,0,0,1,Users,Users,88
9820,77,1751,77057,228.24,152.16,4,16-10-2015,0,16-10-2015,0,0,1,Users,NULL,88
9821,77,2806,77055,224,149.33,4,16-10-2015,4,20-10-2015,0,0,1,Users,Users,88
9822,77,2748,78270,243.63,162.42,4,16-10-2015,0,16-10-2015,0,0,1,Users,NULL,88
9823,77,2596,76000,160,106.67,4,16-10-2015,4,20-10-2015,0,0,1,Users,Users,88
9824,77,3198,74230,252.01,168.01,4,16-10-2015,0,16-10-2015,0,0,1,Users,NULL,88
9825,77,2643,76930,262.5,175,4,16-10-2015,0,16-10-2015,0,0,1,Users,NULL,88
9826,77,1753,78272,269.25,179.5,4,16-10-2015,0,16-10-2015,0,0,1,Users,NULL,88
9827,77,2191,73040,250,166.67,4,16-10-2015,4,20-10-2015,0,0,1,Users,Users,88
9828,77,3534,77001,235,156.67,4,16-10-2015,4,20-10-2015,0,0,1,Users,Users,88
9829,77,1995,76775,249,166,4,16-10-2015,3,20-09-2016,0,0,1,Users,Users,88
9830,77,3057,77056,278,185.33,4,16-10-2015,4,20-10-2015,0,0,1,Users,Users,88
9831,77,1983,75820,345.48,230.32,4,16-10-2015,0,16-10-2015,0,0,1,Users,NULL,88
9832,77,1994,76376,373.57,249.05,4,16-10-2015,0,16-10-2015,0,0,1,Users,NULL,88
9833,77,3251,76001,391.5,261,4,16-10-2015,0,16-10-2015,0,0,1,Users,NULL,88
9834,77,2568,75822,429.63,286.42,4,16-10-2015,0,16-10-2015,0,0,1,Users,NULL,88
9835,77,3618,75901,483.7,322.47,4,16-10-2015,0,16-10-2015,0,0,1,Users,NULL,88
9836,77,1988,75945,541.5,361,4,16-10-2015,0,16-10-2015,0,0,1,Users,NULL,88
9837,77,1998,78457,564.47,376.31,4,16-10-2015,0,16-10-2015,0,0,1,Users,NULL,88
9838,77,1992,75964,684,456,4,16-10-2015,0,16-10-2015,0,0,1,Users,NULL,88
9839,77,1981,75774,763.5,509,4,16-10-2015,0,16-10-2015,0,0,1,Users,NULL,88
9840,77,1984,75825,871.5,581,4,16-10-2015,0,16-10-2015,0,0,1,Users,NULL,88
9841,77,2836,75605,895.5,597,4,16-10-2015,0,16-10-2015,0,0,1,Users,NULL,88
9842,77,1548,75710,915,610,4,16-10-2015,0,16-10-2015,0,0,1,Users,NULL,88
9843,77,2718,71260,991,660.67,4,16-10-2015,4,20-10-2015,0,0,1,Users,Users,88
9844,77,1979,75756,934.5,623,4,16-10-2015,0,16-10-2015,0,0,1,Users,NULL,88
9845,77,3375,75957,948.39,632.26,4,16-10-2015,0,16-10-2015,0,0,1,Users,NULL,88
9846,77,2728,75600,957,638,4,16-10-2015,0,16-10-2015,0,0,1,Users,NULL,88
9847,77,2814,78630,960.42,640.28,4,16-10-2015,0,16-10-2015,0,0,1,Users,NULL,88
9848,77,2600,75625,964.5,643,4,16-10-2015,0,16-10-2015,0,0,1,Users,NULL,88
9849,77,2839,75658,964.5,643,4,16-10-2015,0,16-10-2015,0,0,1,Users,NULL,88
9850,77,3623,74160,970,646.67,4,16-10-2015,3,20-09-2016,0,0,1,Users,Users,88
9851,77,1549,75716,981,654,4,16-10-2015,0,16-10-2015,0,0,1,Users,NULL,88
9852,77,2585,75736,1018.5,679,4,16-10-2015,0,16-10-2015,0,0,1,Users,NULL,88
9853,77,1996,78451,1029,686,4,16-10-2015,0,16-10-2015,0,0,1,Users,NULL,88
9854,77,3528,75791,1096.5,731,4,16-10-2015,0,16-10-2015,0,0,1,Users,NULL,88
9855,77,1740,71270,1215,810,4,16-10-2015,3,20-09-2016,0,0,1,Users,Users,88
9856,77,1974,75630,1222.5,815,4,16-10-2015,0,16-10-2015,0,0,1,Users,NULL,88
9857,77,3622,72195,1478,985.33,4,16-10-2015,3,20-09-2016,0,0,1,Users,Users,88
9858,77,1990,75962,1546.5,1031,4,16-10-2015,0,16-10-2015,0,0,1,Users,NULL,88
9859,77,3520,75978,1552.5,1035,4,16-10-2015,0,16-10-2015,0,0,1,Users,NULL,88
9860,77,1997,78452,1500,1000,4,16-10-2015,4,20-10-2015,0,0,1,Users,Users,88
9861,77,1742,72149,1800,1200,4,16-10-2015,4,20-10-2015,0,0,1,Users,Users,88
9862,77,3460,70555,2178,1452,4,16-10-2015,0,16-10-2015,0,0,1,Users,NULL,88
9863,77,1747,73723,3105,2070,4,16-10-2015,3,20-09-2016,0,0,1,Users,Users,88
9864,77,1737,70546,2756,1837.33,4,16-10-2015,4,20-10-2015,0,0,1,Users,Users,88
10384,77,1849,93926,511,340.67,4,16-10-2015,3,20-09-2016,0,0,1,Users,Users,88
10391,77,3626,70540,1455,970,416,17-10-2015,3,20-09-2016,0,0,1,Users,Users,88
10392,77,3627,74150,823,548.67,416,17-10-2015,4,20-10-2015,0,0,1,Users,Users,88
10409,77,4140,A9516,60,40,366,19-10-2015,3,21-09-2016,0,0,1,Users,Users,88
10417,77,3667,70491,852,568,366,19-10-2015,4,20-10-2015,0,0,1,Users,Users,88
11377,77,2342,10021,300,200,4,20-10-2015,0,20-10-2015,0,0,1,Users,NULL,88
11378,77,18,10140,175,116.67,4,20-10-2015,0,20-10-2015,0,0,1,Users,NULL,88
11379,77,19,10160,225,150,4,20-10-2015,0,20-10-2015,0,0,1,Users,NULL,88
11380,77,20,10180,300,200,4,20-10-2015,0,20-10-2015,0,0,1,Users,NULL,88
11381,77,312,19000,265,176.67,4,20-10-2015,0,20-10-2015,0,0,1,Users,NULL,88
11382,77,313,19001,65,43.33,4,20-10-2015,0,20-10-2015,0,0,1,Users,NULL,88
11383,77,315,19030,400,266.67,4,20-10-2015,0,20-10-2015,0,0,1,Users,NULL,88
11384,77,360,20200,225,150,4,20-10-2015,0,20-10-2015,0,0,1,Users,NULL,88
11385,77,361,20205,500,333.33,4,20-10-2015,0,20-10-2015,0,0,1,Users,NULL,88
11386,77,362,20220,350,233.33,4,20-10-2015,0,20-10-2015,0,0,1,Users,NULL,88
11387,77,363,20225,1500,1000,4,20-10-2015,0,20-10-2015,0,0,1,Users,NULL,88
11388,77,1592,20605,150,100,4,20-10-2015,0,20-10-2015,0,0,1,Users,NULL,88
11389,77,1715,20610,185,123.33,4,20-10-2015,0,20-10-2015,0,0,1,Users,NULL,88
11390,77,419,21116,495,330,4,20-10-2015,0,20-10-2015,0,0,1,Users,NULL,88
11391,77,616,25246,435,290,4,20-10-2015,0,20-10-2015,0,0,1,Users,NULL,88
11392,77,2495,36556,470,313.33,4,20-10-2015,0,20-10-2015,0,0,1,Users,NULL,88
11393,77,3719,72295,700,466.67,4,20-10-2015,0,20-10-2015,0,0,1,Users,NULL,88
11394,77,3721,73092,79,52.67,4,20-10-2015,0,20-10-2015,0,0,1,Users,NULL,88
11395,77,3723,73201,847,564.67,4,20-10-2015,0,20-10-2015,0,0,1,Users,NULL,88
11396,77,3724,73202,1028,685.33,4,20-10-2015,0,20-10-2015,0,0,1,Users,NULL,88
11397,77,3725,73206,1498,998.67,4,20-10-2015,0,20-10-2015,0,0,1,Users,NULL,88
11398,77,3726,73219,1748,1165.33,4,20-10-2015,0,20-10-2015,0,0,1,Users,NULL,88
11399,77,3727,73220,3105,2070,4,20-10-2015,0,20-10-2015,0,0,1,Users,NULL,88
11400,77,3728,73222,1747,1164.67,4,20-10-2015,0,20-10-2015,0,0,1,Users,NULL,88
11401,77,3729,73225,1700,1133.33,4,20-10-2015,0,20-10-2015,0,0,1,Users,NULL,88
11402,77,3731,73540,96,64,4,20-10-2015,0,20-10-2015,0,0,1,Users,NULL,88
11403,77,3733,73592,79,52.67,4,20-10-2015,0,20-10-2015,0,0,1,Users,NULL,88
11404,77,3734,73615,200,133.33,4,20-10-2015,0,20-10-2015,0,0,1,Users,NULL,88
11405,77,3735,73701,847,564.67,4,20-10-2015,0,20-10-2015,0,0,1,Users,NULL,88
11406,77,3736,73702,1028,685.33,4,20-10-2015,0,20-10-2015,0,0,1,Users,NULL,88
11407,77,3737,73706,1511,1007.33,4,20-10-2015,0,20-10-2015,0,0,1,Users,NULL,88
11408,77,3738,73719,1747,1164.67,4,20-10-2015,0,20-10-2015,0,0,1,Users,NULL,88
11409,77,3739,73720,3104,2069.33,4,20-10-2015,0,20-10-2015,0,0,1,Users,NULL,88
11410,77,3740,73722,1747,1164.67,4,20-10-2015,0,20-10-2015,0,0,1,Users,NULL,88
11411,77,3741,73725,1549,1032.67,4,20-10-2015,0,20-10-2015,0,0,1,Users,NULL,88
11412,77,3742,74022,131,87.33,4,20-10-2015,0,20-10-2015,0,0,1,Users,NULL,88
11413,77,3628,74170,1175,783.33,4,20-10-2015,0,20-10-2015,0,0,1,Users,NULL,88
11414,77,3743,74175,1626,1084,4,20-10-2015,0,20-10-2015,0,0,1,Users,NULL,88
11415,77,1122,38505,250,166.67,4,20-10-2015,0,20-10-2015,0,0,1,Users,NULL,88
11416,77,1264,42400,225,150,4,20-10-2015,0,20-10-2015,0,0,1,Users,NULL,88
11417,77,3191,47000,530,353.33,4,20-10-2015,0,20-10-2015,0,0,1,Users,NULL,88
11418,77,3631,70030,74,49.33,4,20-10-2015,0,20-10-2015,0,0,1,Users,NULL,88
11419,77,3632,70100,85,56.67,4,20-10-2015,0,20-10-2015,0,0,1,Users,NULL,88
11420,77,3633,70110,108,72,4,20-10-2015,3,20-09-2016,0,0,1,Users,Users,88
11421,77,3634,70120,99,66,4,20-10-2015,0,20-10-2015,0,0,1,Users,NULL,88
11422,77,3635,70130,141,94,4,20-10-2015,0,20-10-2015,0,0,1,Users,NULL,88
11423,77,3636,70134,135,90,4,20-10-2015,0,20-10-2015,0,0,1,Users,NULL,88
11424,77,3637,70140,100,66.67,4,20-10-2015,0,20-10-2015,0,0,1,Users,NULL,88
11425,77,3638,70150,128,85.33,4,20-10-2015,0,20-10-2015,0,0,1,Users,NULL,88
11426,77,3639,70160,84,56,4,20-10-2015,0,20-10-2015,0,0,1,Users,NULL,88
11427,77,3641,70190,103,68.67,4,20-10-2015,0,20-10-2015,0,0,1,Users,NULL,88
11428,77,3642,70200,131,87.33,4,20-10-2015,0,20-10-2015,0,0,1,Users,NULL,88
11429,77,3643,70210,97,64.67,4,20-10-2015,0,20-10-2015,0,0,1,Users,NULL,88
11430,77,3644,70240,76,50.67,4,20-10-2015,0,20-10-2015,0,0,1,Users,NULL,88
11431,77,3645,70250,107,71.33,4,20-10-2015,0,20-10-2015,0,0,1,Users,NULL,88
11432,77,3646,70260,154,102.67,4,20-10-2015,0,20-10-2015,0,0,1,Users,NULL,88
11433,77,3648,70310,75,50,4,20-10-2015,0,20-10-2015,0,0,1,Users,NULL,88
11434,77,3649,70320,123,82,4,20-10-2015,0,20-10-2015,0,0,1,Users,NULL,88
11435,77,3650,70328,82,54.67,4,20-10-2015,0,20-10-2015,0,0,1,Users,NULL,88
11436,77,3651,70330,132,88,4,20-10-2015,0,20-10-2015,0,0,1,Users,NULL,88
11437,77,3652,70332,324,216,4,20-10-2015,0,20-10-2015,0,0,1,Users,NULL,88
11438,77,3653,70336,1499,999.33,4,20-10-2015,0,20-10-2015,0,0,1,Users,NULL,88
11439,77,3625,70360,74,49.33,4,20-10-2015,0,20-10-2015,0,0,1,Users,NULL,88
11440,77,3656,70370,196,130.67,4,20-10-2015,0,20-10-2015,0,0,1,Users,NULL,88
11441,77,3657,70371,126,84,4,20-10-2015,0,20-10-2015,0,0,1,Users,NULL,88
11442,77,3659,70380,103,68.67,4,20-10-2015,0,20-10-2015,0,0,1,Users,NULL,88
11443,77,3661,70460,815,543.33,4,20-10-2015,0,20-10-2015,0,0,1,Users,NULL,88
11444,77,3662,70480,729,486,4,20-10-2015,0,20-10-2015,0,0,1,Users,NULL,88
11445,77,3663,70481,852,568,4,20-10-2015,0,20-10-2015,0,0,1,Users,NULL,88
11446,77,3664,70482,1022,681.33,4,20-10-2015,0,20-10-2015,0,0,1,Users,NULL,88
11447,77,3665,70487,841,560.67,4,20-10-2015,0,20-10-2015,0,0,1,Users,NULL,88
11448,77,3666,70488,1017,678,4,20-10-2015,0,20-10-2015,0,0,1,Users,NULL,88
11449,77,3668,70542,1747,1164.67,4,20-10-2015,0,20-10-2015,0,0,1,Users,NULL,88
11450,77,3669,70545,1456,970.67,4,20-10-2015,0,20-10-2015,0,0,1,Users,NULL,88
11451,77,3670,70548,1456,970.67,4,20-10-2015,0,20-10-2015,0,0,1,Users,NULL,88
11452,77,3671,70549,2756,1837.33,4,20-10-2015,0,20-10-2015,0,0,1,Users,NULL,88
11453,77,3672,70552,1799,1199.33,4,20-10-2015,0,20-10-2015,0,0,1,Users,NULL,88
11454,77,3685,71015,90,60,4,20-10-2015,0,20-10-2015,0,0,1,Users,NULL,88
11455,77,3686,71021,125,83.33,4,20-10-2015,0,20-10-2015,0,0,1,Users,NULL,88
11456,77,3687,71022,130,86.67,4,20-10-2015,0,20-10-2015,0,0,1,Users,NULL,88
11457,77,3690,71035,86,57.33,4,20-10-2015,0,20-10-2015,0,0,1,Users,NULL,88
11458,77,3691,71101,117,78,4,20-10-2015,0,20-10-2015,0,0,1,Users,NULL,88
11459,77,3692,71110,130,86.67,4,20-10-2015,0,20-10-2015,0,0,1,Users,NULL,88
11460,77,3693,71111,149,99.33,4,20-10-2015,0,20-10-2015,0,0,1,Users,NULL,88
11461,77,3694,71120,105,70,4,20-10-2015,0,20-10-2015,0,0,1,Users,NULL,88
11462,77,3695,71550,1478,985.33,4,20-10-2015,0,20-10-2015,0,0,1,Users,NULL,88
11463,77,3696,71551,1770,1180,4,20-10-2015,0,20-10-2015,0,0,1,Users,NULL,88
11464,77,3697,71552,3102,2068,4,20-10-2015,0,20-10-2015,0,0,1,Users,NULL,88
11465,77,3698,71555,1548,1032,4,20-10-2015,0,20-10-2015,0,0,1,Users,NULL,88
11466,77,3699,72069,89,59.33,4,20-10-2015,0,20-10-2015,0,0,1,Users,NULL,88
11467,77,3700,72090,118,78.67,4,20-10-2015,0,20-10-2015,0,0,1,Users,NULL,88
11468,77,3701,72126,988,658.67,4,20-10-2015,0,20-10-2015,0,0,1,Users,NULL,88
11469,77,3702,72127,1199,799.33,4,20-10-2015,0,20-10-2015,0,0,1,Users,NULL,88
11470,77,3703,72129,988,658.67,4,20-10-2015,0,20-10-2015,0,0,1,Users,NULL,88
11471,77,3704,72130,1199,799.33,4,20-10-2015,0,20-10-2015,0,0,1,Users,NULL,88
11472,77,3705,72132,988,658.67,4,20-10-2015,0,20-10-2015,0,0,1,Users,NULL,88
11473,77,3706,72133,1199,799.33,4,20-10-2015,0,20-10-2015,0,0,1,Users,NULL,88
11474,77,3707,72142,1820,1213.33,4,20-10-2015,0,20-10-2015,0,0,1,Users,NULL,88
11475,77,3708,72147,1819,1212.67,4,20-10-2015,0,20-10-2015,0,0,1,Users,NULL,88
11476,77,3709,72159,2200,1466.67,4,20-10-2015,0,20-10-2015,0,0,1,Users,NULL,88
11477,77,3710,72190,108,72,4,20-10-2015,0,20-10-2015,0,0,1,Users,NULL,88
11478,77,3711,72191,1614,1076,4,20-10-2015,0,20-10-2015,0,0,1,Users,NULL,88
11479,77,3712,72193,953,635.33,4,20-10-2015,0,20-10-2015,0,0,1,Users,NULL,88
11480,77,3713,72198,1546,1030.67,4,20-10-2015,0,20-10-2015,0,0,1,Users,NULL,88
11481,77,3714,72202,100,66.67,4,20-10-2015,0,20-10-2015,0,0,1,Users,NULL,88
11482,77,3744,74181,1478,985.33,4,20-10-2015,3,20-09-2016,0,0,1,Users,Users,88
11483,77,3745,74182,1770,1180,4,20-10-2015,0,20-10-2015,0,0,1,Users,NULL,88
11484,77,3746,74185,1546,1030.67,4,20-10-2015,0,20-10-2015,0,0,1,Users,NULL,88
11485,77,3748,74210,175,116.67,4,20-10-2015,0,20-10-2015,0,0,1,Users,NULL,88
11486,77,3750,74241,250,166.67,4,20-10-2015,0,20-10-2015,0,0,1,Users,NULL,88
11487,77,3752,74247,300,200,4,20-10-2015,0,20-10-2015,0,0,1,Users,NULL,88
11488,77,3753,74249,400,266.67,4,20-10-2015,0,20-10-2015,0,0,1,Users,NULL,88
11489,77,3754,74250,225,150,4,20-10-2015,0,20-10-2015,0,0,1,Users,NULL,88
11490,77,3757,74261,750,500,4,20-10-2015,0,20-10-2015,0,0,1,Users,NULL,88
11491,77,3758,74262,1000,666.67,4,20-10-2015,0,20-10-2015,0,0,1,Users,NULL,88
11492,77,3759,74263,750,500,4,20-10-2015,0,20-10-2015,0,0,1,Users,NULL,88
11493,77,3760,74270,350,233.33,4,20-10-2015,0,20-10-2015,0,0,1,Users,NULL,88
11494,77,3761,74280,400,266.67,4,20-10-2015,0,20-10-2015,0,0,1,Users,NULL,88
11495,77,3776,74400,266,177.33,4,20-10-2015,0,20-10-2015,0,0,1,Users,NULL,88
11496,77,3777,74410,297,198,4,20-10-2015,0,20-10-2015,0,0,1,Users,NULL,88
11497,77,3779,74420,354,236,4,20-10-2015,0,20-10-2015,0,0,1,Users,NULL,88
11498,77,3780,74425,300,200,4,20-10-2015,0,20-10-2015,0,0,1,Users,NULL,88
11499,77,3781,74430,180,120,4,20-10-2015,0,20-10-2015,0,0,1,Users,NULL,88
11500,77,3784,74450,40,26.67,4,20-10-2015,0,20-10-2015,0,0,1,Users,NULL,88
11501,77,3785,74455,175,116.67,4,20-10-2015,0,20-10-2015,0,0,1,Users,NULL,88
11502,77,3797,75572,875,583.33,4,20-10-2015,0,20-10-2015,0,0,1,Users,NULL,88
11503,77,3814,75574,1000,666.67,4,20-10-2015,0,20-10-2015,0,0,1,Users,NULL,88
11504,77,3811,75809,105,70,4,20-10-2015,0,20-10-2015,0,0,1,Users,NULL,88
11505,77,3848,75989,300,200,4,20-10-2015,0,20-10-2015,0,0,1,Users,NULL,88
11506,77,3851,76098,55,36.67,4,20-10-2015,0,20-10-2015,0,0,1,Users,NULL,88
11507,77,3857,76140,150,100,4,20-10-2015,0,20-10-2015,0,0,1,Users,NULL,88
11508,77,3859,76377,350,233.33,4,20-10-2015,0,20-10-2015,0,0,1,Users,NULL,88
11509,77,3861,76390,1500,1000,4,20-10-2015,0,20-10-2015,0,0,1,Users,NULL,88
11510,77,1596,76645,200,133.33,4,20-10-2015,0,20-10-2015,0,0,1,Users,NULL,88
11511,77,3878,76776,336,224,4,20-10-2015,0,20-10-2015,0,0,1,Users,NULL,88
11512,77,3879,76800,327,218,4,20-10-2015,0,20-10-2015,0,0,1,Users,NULL,88
11513,77,3880,76801,375,250,4,20-10-2015,0,20-10-2015,0,0,1,Users,NULL,88
11514,77,3881,76802,286,190.67,4,20-10-2015,0,20-10-2015,0,0,1,Users,NULL,88
11515,77,3882,76805,390,260,4,20-10-2015,3,20-09-2016,0,0,1,Users,Users,88
11516,77,3883,76810,286,190.67,4,20-10-2015,0,20-10-2015,0,0,1,Users,NULL,88
11517,77,3886,76813,175,116.67,4,20-10-2015,0,20-10-2015,0,0,1,Users,NULL,88
11518,77,3888,76815,261,174,4,20-10-2015,0,20-10-2015,0,0,1,Users,NULL,88
11519,77,3890,76816,258,172,4,20-10-2015,0,20-10-2015,0,0,1,Users,NULL,88
11520,77,3891,76817,275,183.33,4,20-10-2015,0,20-10-2015,0,0,1,Users,NULL,88
11521,77,3892,76818,347,231.33,4,20-10-2015,0,20-10-2015,0,0,1,Users,NULL,88
11522,77,3893,76819,302,201.33,4,20-10-2015,0,20-10-2015,0,0,1,Users,NULL,88
11523,77,3900,76831,284,189.33,4,20-10-2015,0,20-10-2015,0,0,1,Users,NULL,88
11524,77,3901,76857,248,165.33,4,20-10-2015,0,20-10-2015,0,0,1,Users,NULL,88
11525,77,3902,76872,333,222,4,20-10-2015,0,20-10-2015,0,0,1,Users,NULL,88
11526,77,3904,76885,285,190,4,20-10-2015,0,20-10-2015,0,0,1,Users,NULL,88
11527,77,3905,76886,254,169.33,4,20-10-2015,0,20-10-2015,0,0,1,Users,NULL,88
11528,77,3914,76970,100,66.67,4,20-10-2015,0,20-10-2015,0,0,1,Users,NULL,88
11529,77,3918,76999,150,100,4,20-10-2015,0,20-10-2015,0,0,1,Users,NULL,88
11530,77,3921,77012,550,366.67,4,20-10-2015,0,20-10-2015,0,0,1,Users,NULL,88
11531,77,3923,77014,350,233.33,4,20-10-2015,0,20-10-2015,0,0,1,Users,NULL,88
11532,77,3924,77021,900,600,4,20-10-2015,0,20-10-2015,0,0,1,Users,NULL,88
11533,77,3926,77053,250,166.67,4,20-10-2015,0,20-10-2015,0,0,1,Users,NULL,88
11534,77,3927,77054,365,243.33,4,20-10-2015,0,20-10-2015,0,0,1,Users,NULL,88
11535,77,3928,77058,1800,1200,4,20-10-2015,0,20-10-2015,0,0,1,Users,NULL,88
11536,77,3929,77059,2500,1666.67,4,20-10-2015,0,20-10-2015,0,0,1,Users,NULL,88
11537,77,3934,77073,175,116.67,4,20-10-2015,3,20-09-2016,0,0,1,Users,Users,88
11538,77,3936,77076,180,120,4,20-10-2015,0,20-10-2015,0,0,1,Users,NULL,88
11539,77,3939,77081,120,80,4,20-10-2015,0,20-10-2015,0,0,1,Users,NULL,88
11540,77,1601,77082,90,60,4,20-10-2015,0,20-10-2015,0,0,1,Users,NULL,88
11541,77,4011,78012,120,80,4,20-10-2015,0,20-10-2015,0,0,1,Users,NULL,88
11542,77,4012,78013,310,206.67,4,20-10-2015,0,20-10-2015,0,0,1,Users,NULL,88
11543,77,4013,78014,360,240,4,20-10-2015,0,20-10-2015,0,0,1,Users,NULL,88
11544,77,4018,78070,360,240,4,20-10-2015,0,20-10-2015,0,0,1,Users,NULL,88
11545,77,4034,78185,340,226.67,4,20-10-2015,0,20-10-2015,0,0,1,Users,NULL,88
11546,77,4041,78205,645,430,4,20-10-2015,0,20-10-2015,0,0,1,Users,NULL,88
11547,77,4042,78206,1025,683.33,4,20-10-2015,0,20-10-2015,0,0,1,Users,NULL,88
11548,77,4043,78215,340,226.67,4,20-10-2015,0,20-10-2015,0,0,1,Users,NULL,88
11549,77,4044,78216,300,200,4,20-10-2015,0,20-10-2015,0,0,1,Users,NULL,88
11550,77,4045,78226,575,383.33,4,20-10-2015,0,20-10-2015,0,0,1,Users,NULL,88
11551,77,4051,78264,485,323.33,4,20-10-2015,0,20-10-2015,0,0,1,Users,NULL,88
11552,77,4056,78290,500,333.33,4,20-10-2015,0,20-10-2015,0,0,1,Users,NULL,88
11553,77,4059,78300,280,186.67,4,20-10-2015,0,20-10-2015,0,0,1,Users,NULL,88
11554,77,4060,78305,420,280,4,20-10-2015,0,20-10-2015,0,0,1,Users,NULL,88
11555,77,4061,78315,570,380,4,20-10-2015,0,20-10-2015,0,0,1,Users,NULL,88
11556,77,4062,78320,520,346.67,4,20-10-2015,0,20-10-2015,0,0,1,Users,NULL,88
11557,77,4079,78472,650,433.33,4,20-10-2015,0,20-10-2015,0,0,1,Users,NULL,88
11558,77,4087,78579,600,400,4,20-10-2015,0,20-10-2015,0,0,1,Users,NULL,88
11559,77,4089,78582,600,400,4,20-10-2015,0,20-10-2015,0,0,1,Users,NULL,88
11560,77,4091,78598,600,400,4,20-10-2015,0,20-10-2015,0,0,1,Users,NULL,88
11561,77,4097,78607,1585,1056.67,4,20-10-2015,0,20-10-2015,0,0,1,Users,NULL,88
11562,77,4098,78608,6420,4280,4,20-10-2015,0,20-10-2015,0,0,1,Users,NULL,88
11563,77,4111,78709,600,400,4,20-10-2015,0,20-10-2015,0,0,1,Users,NULL,88
11564,77,4112,78710,638,425.33,4,20-10-2015,0,20-10-2015,0,0,1,Users,NULL,88
11565,77,4123,78805,350,233.33,4,20-10-2015,0,20-10-2015,0,0,1,Users,NULL,88
11566,77,4124,78806,635,423.33,4,20-10-2015,0,20-10-2015,0,0,1,Users,NULL,88
11567,77,4125,78807,650,433.33,4,20-10-2015,0,20-10-2015,0,0,1,Users,NULL,88
11568,77,4127,78811,6420,4280,4,20-10-2015,0,20-10-2015,0,0,1,Users,NULL,88
11569,77,4128,78813,6420,4280,4,20-10-2015,0,20-10-2015,0,0,1,Users,NULL,88
11570,77,4129,78814,6420,4280,4,20-10-2015,0,20-10-2015,0,0,1,Users,NULL,88
11571,77,4130,78816,6420,4280,4,20-10-2015,0,20-10-2015,0,0,1,Users,NULL,88
11572,77,1602,81000,10,6.67,4,20-10-2015,0,20-10-2015,0,0,1,Users,NULL,88
11573,77,2490,93882,451,300.67,4,20-10-2015,0,20-10-2015,0,0,1,Users,NULL,88
11574,77,2054,93922,334,222.67,4,20-10-2015,0,20-10-2015,0,0,1,Users,NULL,88
11575,77,1847,93923,514,342.67,4,20-10-2015,0,20-10-2015,0,0,1,Users,NULL,88
11576,77,2056,93965,356,237.33,4,20-10-2015,0,20-10-2015,0,0,1,Users,NULL,88
11577,77,2362,93975,1084,722.67,4,20-10-2015,0,20-10-2015,0,0,1,Users,NULL,88
11578,77,2363,93978,607,404.67,4,20-10-2015,0,20-10-2015,0,0,1,Users,NULL,88
11579,77,3529,93990,488,325.33,4,20-10-2015,0,20-10-2015,0,0,1,Users,NULL,88
11580,77,1987,99070,50,33.33,4,20-10-2015,0,20-10-2015,0,0,1,Users,NULL,88
11581,77,1559,99212,80,53.33,4,20-10-2015,0,20-10-2015,0,0,1,Users,NULL,88
11582,77,2068,A9500,121.7,100,4,20-10-2015,3,26-04-2017,0,0,1,Users,Users,88
11583,77,2070,G0389,275,183.33,4,20-10-2015,0,20-10-2015,0,0,1,Users,NULL,88
11584,77,1665,J1030,25,16.67,4,20-10-2015,0,20-10-2015,0,0,1,Users,NULL,88
11585,77,1667,J1200,20,13.33,4,20-10-2015,0,20-10-2015,0,0,1,Users,NULL,88
11586,77,2074,J2785,230,153.33,4,20-10-2015,0,20-10-2015,0,0,1,Users,NULL,88
12906,77,4151,A9562,883.24,588.82,416,05-11-2015,3,26-04-2017,0,0,1,Users,Users,88
12907,77,4152,A9539,65,43.33,416,05-11-2015,0,05-11-2015,0,0,1,Users,NULL,88
12908,77,4153,27093,500,333.33,416,05-11-2015,0,05-11-2015,0,0,1,Users,NULL,88
12909,77,4154,A9584,2257,1504.67,416,05-11-2015,3,21-09-2016,0,0,1,Users,Users,88
12968,77,1773,82565,15,10,366,21-12-2015,3,20-09-2016,0,0,1,Users,Users,88
13026,77,4183,73521,116,77.33,590,30-01-2016,0,30-01-2016,0,0,1,Users,NULL,88
13027,77,4182,73502,98,65.33,590,30-01-2016,0,30-01-2016,0,0,1,Users,NULL,88
13078,77,4188,72081,160,106.67,4,18-02-2016,590,22-02-2016,0,0,1,Users,Users,88
13079,77,4186,73552,168,112,4,18-02-2016,590,22-02-2016,0,0,1,Users,Users,88
13097,77,3877,76641,550,366.67,590,22-02-2016,0,22-02-2016,0,0,1,Users,NULL,88
13098,77,3942,77086,90,60,590,22-02-2016,0,22-02-2016,0,0,1,Users,NULL,88
13129,77,4210,72082,185,123.33,4,29-02-2016,0,29-02-2016,0,0,1,Users,NULL,88
13149,77,4189,93930,676,450.67,4,09-03-2016,0,09-03-2016,0,0,1,Users,NULL,88
13161,77,4215,A9567,120,80,590,09-03-2016,0,09-03-2016,0,0,1,Users,NULL,88
13162,77,4199,73551,104,69.33,590,09-03-2016,0,09-03-2016,0,0,1,Users,NULL,88
13163,77,4207,73501,110,73.33,590,09-03-2016,0,09-03-2016,0,0,1,Users,NULL,88
13207,77,1633,96372,75,50,590,22-03-2016,4,04-04-2016,0,0,1,Users,Users,88
13304,77,2557,J2001,6,4,590,18-05-2016,0,18-05-2016,0,0,1,Users,NULL,88
13305,77,2081,J1040,70,46.67,590,18-05-2016,0,18-05-2016,0,0,1,Users,NULL,88
13329,77,1910,J1940,4,2.67,590,21-05-2016,0,21-05-2016,0,0,1,Users,NULL,88
13364,77,3941,77085,90,60,590,09-06-2016,0,09-06-2016,0,0,1,Users,NULL,88
13371,77,4177,A9560,200,133.33,366,10-06-2016,3,21-09-2016,0,0,1,Users,Users,88
13379,77,4245,78278,540,360,366,10-06-2016,0,10-06-2016,0,0,1,Users,NULL,88
13432,77,4250,G9550,0.01,0.01,4,27-06-2016,3,21-09-2016,0,0,1,Users,Users,88
13433,77,4251,G9551,0.01,0.01,4,27-06-2016,3,21-09-2016,0,0,1,Users,Users,88
13434,77,4252,3100F,0.01,0.01,4,27-06-2016,3,21-09-2016,0,0,1,Users,Users,88
13435,77,4253,G9637,0.01,0.01,4,27-06-2016,3,21-09-2016,0,0,1,Users,Users,88
13436,77,4254,3341F,0.01,0.01,4,27-06-2016,3,21-09-2016,0,0,1,Users,Users,88
13437,77,4255,7025F,0.01,0.01,4,27-06-2016,3,21-09-2016,0,0,1,Users,Users,88
13438,77,4256,G9638,0.01,0.01,4,27-06-2016,3,21-09-2016,0,0,1,Users,Users,88
13439,77,4257,3342F,0.01,0.01,4,27-06-2016,3,21-09-2016,0,0,1,Users,Users,88
13440,77,4258,G9552,0.01,0.01,4,27-06-2016,3,21-09-2016,0,0,1,Users,Users,88
13441,77,4259,G9554,0.01,0.01,4,27-06-2016,3,21-09-2016,0,0,1,Users,Users,88
13442,77,4260,G9500,0.01,0.01,4,27-06-2016,3,21-09-2016,0,0,1,Users,Users,88
13443,77,4261,G9547,0.01,0.01,4,27-06-2016,3,21-09-2016,0,0,1,Users,Users,88
13444,77,4262,G9548,0.01,0.01,4,27-06-2016,3,21-09-2016,0,0,1,Users,Users,88
13445,77,4263,G9556,0.01,0.01,4,27-06-2016,3,21-09-2016,0,0,1,Users,Users,88
13446,77,4264,G9557,0.01,0.01,4,27-06-2016,3,21-09-2016,0,0,1,Users,Users,88
13548,77,4271,G8883,0.01,0.01,4,30-06-2016,0,30-06-2016,0,0,1,Users,NULL,88
13549,77,4268,G9501,0.01,0.01,4,30-06-2016,3,21-09-2016,0,0,1,Users,Users,88
13550,77,4269,24220,435,290,4,30-06-2016,0,30-06-2016,0,0,1,Users,NULL,88
13595,77,4285,G8885,0.01,0.01,4,07-07-2016,3,21-09-2016,0,0,1,Users,Users,88
13608,77,4222,73522,235,156,4,07-07-2016,0,07-07-2016,0,0,1,Users,NULL,88
13609,77,4223,73503,285,190,4,07-07-2016,0,07-07-2016,0,0,1,Users,NULL,88
13610,77,4274,A9577,400,266.7,4,07-07-2016,3,14-11-2016,0,0,1,Users,Users,88
13672,77,4220,A9581,50,33.33,4,19-07-2016,3,21-09-2016,0,0,1,Users,Users,88
13682,77,4290,3372F,0.01,0.01,4,25-07-2016,3,21-09-2016,0,0,1,Users,Users,88
13692,77,4291,3340F,0.01,0.01,4,27-07-2016,3,21-09-2016,0,0,1,Users,Users,88
13739,77,2293,J3490,6,4,590,18-08-2016,0,18-08-2016,0,0,1,Users,NULL,88
13816,77,4312,3344F,0.01,0.01,3,13-09-2016,0,13-09-2016,0,0,1,Users,NULL,88
13840,77,4235,19283,1056,704,3,20-09-2016,0,20-09-2016,0,0,1,Users,NULL,88
13841,77,4166,27370,400,266.67,3,20-09-2016,0,20-09-2016,0,0,1,Users,NULL,88
13853,77,4273,G9549,0.01,0.01,3,21-09-2016,0,21-09-2016,0,0,1,Users,NULL,88
13895,77,4019,78071,1119,373,3,11-10-2016,0,11-10-2016,0,0,1,Users,NULL,88
13930,77,4352,NSF1,35,35,3,28-10-2016,0,28-10-2016,0,0,1,Users,NULL,88
14142,77,1791,84520,15,10,3,23-12-2016,0,23-12-2016,0,0,1,Users,NULL,88
14233,77,4412,G9367,0.01,0.01,3,06-02-2017,0,06-02-2017,0,0,1,Users,NULL,88
14286,77,4423,G8962,0.01,0.01,3,20-03-2017,0,20-03-2017,0,0,1,Users,NULL,88
14298,77,4427,G0297,850,566.67,734,22-03-2017,0,22-03-2017,0,0,1,Users,NULL,88
14313,77,4109,78707,600,400,734,29-03-2017,0,29-03-2017,0,0,1,Users,NULL,88
14403,77,4407,76706,250,166.67,734,27-04-2017,0,27-04-2017,0,0,1,Users,NULL,88
14419,77,4426,A9548,100,66.67,734,04-05-2017,0,04-05-2017,0,0,1,Users,NULL,88
14623,77,4468,A9512,4,2.67,734,09-08-2017,0,09-08-2017,0,0,1,Users,NULL,88
14640,77,4384,72083,243,162,734,29-08-2017,0,29-08-2017,0,0,1,Users,NULL,88
14780,77,2219,73130,170,113.34,3,05-10-2017,0,05-10-2017,0,0,1,Users,NULL,110
14781,77,1745,73564,208,138.66,3,05-10-2017,0,05-10-2017,0,0,1,Users,NULL,110
14782,77,3877,76641,1100,733.64,3,05-10-2017,0,05-10-2017,0,0,1,Users,NULL,110
14783,77,1746,73721,2910,1940,3,05-10-2017,0,05-10-2017,0,0,1,Users,NULL,110
14784,77,2229,73590,168,112,3,05-10-2017,0,05-10-2017,0,0,1,Users,NULL,110
14785,77,2238,73630,170,113.34,3,05-10-2017,0,05-10-2017,0,0,1,Users,NULL,110
14852,77,4224,73523,85.2,56.8,734,12-10-2017,0,12-10-2017,0,0,1,Users,NULL,88
15331,77,4501,77067,366,244,734,07-01-2018,0,07-01-2018,0,0,1,Users,NULL,88
15341,77,4502,77066,396,264,734,08-01-2018,0,08-01-2018,0,0,1,Users,NULL,88
15349,77,4565,77065,331,220.67,734,08-01-2018,0,08-01-2018,0,0,1,Users,NULL,88
15360,77,4563,71046,104,69.33,734,08-01-2018,734,09-01-2018,0,0,1,Users,Users,88
15361,77,4564,74018,51.69,34.46,734,08-01-2018,0,08-01-2018,0,0,1,Users,NULL,88
15450,77,4567,74019,120,80,734,22-01-2018,0,22-01-2018,0,0,1,Users,NULL,88
15451,77,4568,74021,130,86.67,734,22-01-2018,0,22-01-2018,0,0,1,Users,NULL,88
15452,77,4574,71045,104,69.33,734,22-01-2018,0,22-01-2018,0,0,1,Users,NULL,88
15453,77,4309,Q9963,6,4,734,22-01-2018,0,22-01-2018,0,0,1,Users,NULL,88
15481,77,3601,76642,807,538,734,22-01-2018,0,22-01-2018,0,0,1,Users,NULL,110
15530,77,2225,73562,186,124,734,02-02-2018,0,02-02-2018,0,0,1,Users,NULL,110
15697,77,2235,73620,158,105.33,734,21-03-2018,0,21-03-2018,0,0,1,Users,NULL,110
15729,77,4613,71048,104,69.33,734,09-04-2018,0,09-04-2018,0,0,1,Users,NULL,88
15750,77,2230,73600,158,105.33,734,20-04-2018,0,20-04-2018,0,0,1,Users,NULL,110
15756,77,2234,73610,170,113.33,734,25-04-2018,0,25-04-2018,0,0,1,Users,NULL,110
15773,77,4632,A9505,100,66.67,734,11-05-2018,0,11-05-2018,0,0,1,Users,NULL,88
15774,77,2011,93015,215,143.33,734,11-05-2018,0,11-05-2018,0,0,1,Users,NULL,88
16024,77,4331,3110F,0.01,0.01,734,04-07-2018,0,04-07-2018,0,0,1,Users,NULL,88
16061,77,2223,73560,168,112,734,15-07-2018,0,15-07-2018,0,0,1,Users,NULL,110
16096,77,4647,A9561,150.48,100.32,3,18-07-2018,0,18-07-2018,0,0,1,Users,NULL,88
16140,77,2942,4025F ,0.01,0.01,734,09-08-2018,0,09-08-2018,0,0,1,Users,NULL,88
16142,77,2189,73030,186,124,734,09-08-2018,0,09-08-2018,0,0,1,Users,NULL,110
16172,77,4612,71047,104,69.33,734,20-08-2018,0,20-08-2018,0,0,1,Users,NULL,88
16317,77,4753,93979,426,284,734,04-10-2018,0,04-10-2018,0,0,1,Users,NULL,88
16366,77,4530,A9585,6,4,734,01-11-2018,0,01-11-2018,0,0,1,Users,NULL,88
16386,77,2215,73110,170,113.33,734,14-11-2018,0,14-11-2018,0,0,1,Users,NULL,110
16623,77,4807,10005,189.62,126.41,299,22-01-2019,0,22-01-2019,0,0,1,Users,NULL,88
16624,77,4808,77048,587.53,391.69,299,22-01-2019,0,22-01-2019,0,0,1,Users,NULL,88
16625,77,4806,77049,600.36,400.24,299,22-01-2019,0,22-01-2019,0,0,1,Users,NULL,88
16626,77,4809,77046,370.1,246.73,299,22-01-2019,0,22-01-2019,0,0,1,Users,NULL,88
16627,77,4810,77047,380.22,253.48,299,22-01-2019,0,22-01-2019,0,0,1,Users,NULL,88
16628,77,4811,10006,90.58,60.39,299,22-01-2019,0,22-01-2019,0,0,1,Users,NULL,88
16629,77,4812,10007,426.07,284.05,299,22-01-2019,0,22-01-2019,0,0,1,Users,NULL,88
16630,77,4813,10008,240.31,160.21,299,22-01-2019,0,22-01-2019,0,0,1,Users,NULL,88
16631,77,4816,27369,213.66,142.44,299,22-01-2019,0,22-01-2019,0,0,1,Users,NULL,88
16632,77,4814,10009,696.9,464.6,299,22-01-2019,0,22-01-2019,0,0,1,Users,NULL,88
16633,77,4815,10010,420.29,280.19,299,22-01-2019,0,22-01-2019,0,0,1,Users,NULL,88
16867,77,4655,A9587,107.67,71.78,734,06-02-2019,0,06-02-2019,0,0,1,Users,NULL,88
