incodeid,masInsuranceid,providerid,practiceid,loctionid,17A,17B,24J,24JNPI,32A,32B,33A,33B,33_Phone,33_Address,25_Tax_ID
387,2265,183,77,116,E24567,1326006800,2085R0202X,1326006800,1396703690,2085R0202X,1396703690,2085R0202X,,,
403,2282,183,77,116,E24567,1326006800,2085R0202X,1326006800,1396703690,2085R0202X,1396703690,2085R0202X,,,
405,2284,183,77,116,E24567,1326006800,2085R0202X,1326006800,1396703690,2085R0202X,1396703690,2085R0202X,,,
410,2289,183,77,116,E24567,1326006800,2085R0202X,1326006800,1396703690,2085R0202X,1396703690,2085R0202X,,,
414,2294,183,77,116,E24567,1326006800,2085R0202X,1326006800,1396703690,2085R0202X,1396703690,2085R0202X,,,
417,2297,183,77,116,E24567,1326006800,2085R0202X,1326006800,1396703690,2085R0202X,1396703690,2085R0202X,,,
423,2307,183,77,116,E24567,1326006800,2085R0202X,1326006800,1396703690,2085R0202X,1396703690,2085R0202X,,,
424,2310,183,77,116,E24567,1326006800,2085R0202X,1326006800,1396703690,2085R0202X,1396703690,2085R0202X,,,
462,2358,183,77,116,E24567,1326006800,2085R0202X,1326006800,1396703690,2085R0202X,1396703690,2085R0202X,,,
464,2360,183,77,116,E24567,1326006800,2085R0202X,1326006800,1396703690,2085R0202X,1396703690,2085R0202X,,,
465,2361,183,77,116,E24567,1326006800,2085R0202X,1326006800,1396703690,2085R0202X,1396703690,2085R0202X,,,
466,2362,183,77,116,E24567,1326006800,2085R0202X,1326006800,1396703690,2085R0202X,1396703690,2085R0202X,,,
470,2365,183,77,116,E24567,1326006800,2085R0202X,1326006800,1396703690,2085R0202X,1396703690,2085R0202X,,,
471,2366,183,77,116,E24567,1326006800,2085R0202X,1326006800,1396703690,2085R0202X,1396703690,2085R0202X,,,
472,2367,183,77,116,E24567,1326006800,2085R0202X,1326006800,1396703690,2085R0202X,1396703690,2085R0202X,,,
474,2369,200,77,116,170506,1083623656,2085R0202X,1083623656,1396703690,2085R0202X,1396703690,2085R0202X,,,
485,2382,198,77,116,Z125872,1477564094,2085R0202X,1477564094,1396703690,2085R0202X,1396703690,2085R0202X,,,
486,2383,198,77,116,Z125872,1477564094,2085R0202X,1477564094,1396703690,2085R0202X,1396703690,2085R0202X,,,
487,2385,198,77,116,Z125872,1477564094,2085R0202X,1477564094,1396703690,2085R0202X,1396703690,2085R0202X,,,
488,2386,198,77,116,Z125872,1477564094,2085R0202X,1477564094,1396703690,2085R0202X,1396703690,2085R0202X,,,
489,2387,198,77,116,Z125872,1477564094,2085R0202X,1477564094,1396703690,2085R0202X,1396703690,2085R0202X,,,
499,2403,198,77,116,Z125872,1477564094,2085R0202X,1477564094,1396703690,2085R0202X,1396703690,2085R0202X,,,
500,2404,198,77,116,Z125872,1477564094,2085R0202X,1477564094,1396703690,2085R0202X,1396703690,2085R0202X,,,
502,2406,196,77,116,OTH000,1760534762,2085R0202X,1760534762,1396703690,2085R0202X,1396703690,2085R0202X,,,
507,2413,200,77,116,170506,1083623656,2085R0202X,1083623656,1396703690,2085R0202X,1396703690,2085R0202X,,,
508,2414,200,77,116,170506,1083623656,2085R0202X,1083623656,1396703690,2085R0202X,1396703690,2085R0202X,,,
514,2427,200,77,116,170506,1083623656,2085R0202X,1083623656,1396703690,2085R0202X,1396703690,2085R0202X,,,
515,2428,200,77,116,170506,1083623656,2085R0202X,1083623656,1396703690,2085R0202X,1396703690,2085R0202X,,,
518,2431,200,77,116,170506,1083623656,2085R0202X,1083623656,1396703690,2085R0202X,1396703690,2085R0202X,,,
522,2328,200,77,116,170506,1083623656,2085R0202X,1083623656,1396703690,2085R0202X,1396703690,2085R0202X,4808893500,"AZ-TECH RADIOLOGY & OPEN MRI, LLC
2653 W GUADALUPE",860910845
535,2446,200,77,116,170506,1083623656,2085R0202X,1083623656,1396703690,2085R0202X,1396703690,2085R0202X,,,
537,2448,200,77,116,170506,1083623656,2085R0202X,1083623656,1396703690,2085R0202X,1396703690,2085R0202X,,,
586,2493,288,77,116,F35367,1841279205,2085R0202X,1841279205,1396703690,2085R0202X,1396703690,2085R0202X,,,
587,2494,288,77,116,F35367,1841279205,2085R0202X,1841279205,1396703690,2085R0202X,1396703690,2085R0202X,,,
596,2305,280,77,116,OTH000,1194783761,2085R0202X,1194783761,1396703690,2085R0202X,1396703690,2085R0202X,4808893500,"AZ-TECH RADIOLOGY & OPEN MRI, LLC
2653 W GUADALUPE",860910845
617,2529,342,77,116,OTH000,1811037013,2085R0202X,1811037013,1396703690,2085R0202X,1396703690,2085R0202X,,,
621,2533,200,77,116,170506,1083623656,2085R0202X,1083623656,1396703690,2085R0202X,1396703690,2085R0202X,,,
631,2540,278,77,116,OTH000,1346577244,2085R0202X,1346577244,1396703690,2085R0202X,1396703690,2085R0202X,,,
639,2549,280,77,116,OTH000,1194783761,2085R0202X,1194783761,1396703690,2085R0202X,1396703690,2085R0202X,,,
644,2554,276,77,116,OTH000,1760485825,2085R0202X,1760485825,1396703690,2085R0202X,1396703690,2085R0202X,,,
646,2384,200,77,116,170506,1083623656,2085R0202X,1083623656,1396703690,2085R0202X,1396703690,2085R0202X,4808893500,"AZ-TECH RADIOLOGY & OPEN MRI, LLC
2653 W GUADALUPE",860910845
647,2556,278,77,116,OTH000,1346577244,2085R0202X,1346577244,1396703690,2085R0202X,1396703690,2085R0202X,,,
648,2557,342,77,116,OTH000,1811037013,2085R0202X,1811037013,1396703690,2085R0202X,1396703690,2085R0202X,,,
660,2573,200,77,116,170506,1083623656,2085R0202X,1083623656,1396703690,2085R0202X,1396703690,2085R0202X,,,
678,2592,288,77,116,F35367,1841279205,2085R0202X,1841279205,1396703690,2085R0202X,1396703690,2085R0202X,,,
679,2592,349,77,116,A76185,1437198256,2085R0202X,1437198256,1396703690,2085R0202X,1396703690,2085R0202X,4808893500,"AZ-TECH RADIOLOGY & OPEN MRI, LLC
2653 W GUADALUPE",860910845
680,2593,273,77,116,OTH000,1104994375,2085R0202X,1104994375,1396703690,2085R0202X,1396703690,2085R0202X,,,
684,2597,273,77,116,OTH000,1104994375,2085R0202X,1104994375,1396703690,2085R0202X,1396703690,2085R0202X,,,
687,2600,342,77,116,OTH000,1811037013,2085R0202X,1811037013,1396703690,2085R0202X,1396703690,2085R0202X,,,
690,2603,288,77,116,F35367,1841279205,2085R0202X,1841279205,1396703690,2085R0202X,1396703690,2085R0202X,,,
691,2604,288,77,116,F35367,1841279205,2085R0202X,1841279205,1396703690,2085R0202X,1396703690,2085R0202X,,,
692,2605,280,77,116,OTH000,1194783761,2085R0202X,1194783761,1396703690,2085R0202X,1396703690,2085R0202X,,,
710,2625,273,77,116,OTH000,1104994375,2085R0202X,1104994375,1396703690,2085R0202X,1396703690,2085R0202X,,,
711,2626,273,77,116,OTH000,1104994375,2085R0202X,1104994375,1396703690,2085R0202X,1396703690,2085R0202X,,,
716,2633,342,77,116,OTH000,1811037013,2085R0202X,1811037013,1396703690,2085R0202X,1396703690,2085R0202X,,,
732,2645,342,77,116,OTH000,1811037013,2085R0202X,1811037013,1396703690,2085R0202X,1396703690,2085R0202X,,,
736,2649,288,77,116,F35367,1841279205,2085R0202X,1841279205,1396703690,2085R0202X,1396703690,2085R0202X,,,
744,2657,349,77,116,A76185,1437198256,2085R0202X,1437198256,1396703690,2085R0202X,1396703690,2085R0202X,,,
745,2240,342,77,116,OTH000,1811037013,2085R0202X,1811037013,227196,2085R0202X,1396703690,2085R0202X,4808893500,"AZ-TECH RADIOLOGY & OPEN MRI, LLC
2653 W GUADALUPE",860910845
746,2311,342,77,116,OTH000,1811037013,2085R0202X,1811037013,227196,2085R0202X,1396703690,2085R0202X,4808893500,"AZ-TECH RADIOLOGY & OPEN MRI, LLC
2653 W GUADALUPE",860910845
753,2658,342,77,116,OTH000,1811037013,2085R0202X,1811037013,1396703690,2085R0202X,1396703690,2085R0202X,,,
754,2403,276,77,116,OTH000,1760485825,2085R0202X,1760485825,1396703690,2085R0202X,1396703690,2085R0202X,4808893500,"AZ-TECH RADIOLOGY & OPEN MRI, LLC
2653 W GUADALUPE",860910845
755,2660,342,77,116,OTH000,1811037013,2085R0202X,1811037013,1396703690,2085R0202X,1396703690,2085R0202X,,,
758,2663,342,77,116,OTH000,1811037013,2085R0202X,1811037013,1396703690,2085R0202X,1396703690,2085R0202X,,,
766,2672,342,77,116,OTH000,1811037013,2085R0202X,1811037013,1396703690,2085R0202X,1396703690,2085R0202X,,,
797,2694,349,77,116,A76185,1437198256,2085R0202X,1437198256,1396703690,2085R0202X,1396703690,2085R0202X,,,
840,2045,349,77,116,A76185,1437198256,2085R0202X,1437198256,1396703690,2085R0202X,1396703690,2085R0202X,4808893500,"AZ-TECH RADIOLOGY & OPEN MRI, LLC
2653 W GUADALUPE",860910845
860,2745,349,77,116,A76185,1437198256,2085R0202X,1437198256,1396703690,2085R0202X,1396703690,2085R0202X,,,
870,2751,273,77,116,OTH000,1104994375,2085R0202X,1104994375,1396703690,2085R0202X,1396703690,2085R0202X,,,
877,2757,276,77,116,OTH000,1760485825,2085R0202X,1760485825,1396703690,2085R0202X,1396703690,2085R0202X,,,
878,2758,276,77,116,OTH000,1760485825,2085R0202X,1760485825,1396703690,2085R0202X,1396703690,2085R0202X,,,
879,2759,273,77,116,OTH000,1104994375,2085R0202X,1104994375,1396703690,2085R0202X,1396703690,2085R0202X,,,
887,2766,198,77,116,Z125872,1477564094,2085R0202X,1477564094,1396703690,2085R0202X,1396703690,2085R0202X,,,
892,2630,359,77,116,,1518953926,2085R0202X,1518953926,1396703690,2085R0202X,1396703690,2085R0202X,4808893500,"AZ-TECH RADIOLOGY & OPEN MRI, LLC
2653 W GUADALUPE",860910845
916,2790,198,77,116,Z125872,1477564094,2085R0202X,1477564094,1396703690,2085R0202X,1396703690,2085R0202X,,,
919,2792,366,77,116,,1376791343,2085R0202X,1376791343,1396703690,2085R0202X,1396703690,2085R0202X,,,
925,2800,366,77,116,,1376791343,2085R0202X,1376791343,1396703690,2085R0202X,1396703690,2085R0202X,,,
947,2808,200,77,116,170506,1083623656,2085R0202X,1083623656,1396703690,2085R0202X,1396703690,2085R0202X,4808893500,"AZ-TECH RADIOLOGY & OPEN MRI, LLC
2653 W GUADALUPE",860910845
1040,2897,198,77,116,Z125872,1477564094,2085R0202X,1477564094,1396703690,2085R0202X,1396703690,2085R0202X,,,
1043,2900,317,77,116,D89914,1831269018,2085R0202X,1831269018,1396703690,2085R0202X,1396703690,2085R0202X,,,
1050,2906,378,77,116,,1235335324,2085R0202X,1235335324,1396703690,2085R0202X,1396703690,2085R0202X,,,
1060,2917,324,77,116,OTH000,1841425691,2085R0202X,1841425691,1396703690,2085R0202X,1396703690,2085R0202X,,,
1061,2702,324,77,116,OTH000,1841425691,2085R0202X,1841425691,1396703690,2085R0202X,1396703690,2085R0202X,,"AZ-TECH RADIOLOGY & OPEN MRI, LLC
2653 W GUADALUPE",860910845
1083,2932,378,77,116,,1235335324,2085R0202X,1235335324,1396703690,2085R0202X,1396703690,2085R0202X,,,
1089,2938,198,77,116,Z125872,1477564094,2085R0202X,1477564094,1396703690,2085R0202X,1396703690,2085R0202X,,,
1090,2939,198,77,116,Z125872,1477564094,2085R0202X,1477564094,1396703690,2085R0202X,1396703690,2085R0202X,,,
1108,2960,200,77,116,170506,1083623656,2085R0202X,1083623656,1396703690,2085R0202X,1396703690,2085R0202X,,,
1109,2961,200,77,116,170506,1083623656,2085R0202X,1083623656,1396703690,2085R0202X,1396703690,2085R0202X,,,
1110,2962,200,77,116,170506,1083623656,2085R0202X,1083623656,1396703690,2085R0202X,1396703690,2085R0202X,,,
1111,2963,408,77,116,,1376501619,2085R0202X,1376501619,1396703690,2085R0202X,1396703690,2085R0202X,,,
1112,2964,408,77,116,,1376501619,2085R0202X,1376501619,1396703690,2085R0202X,1396703690,2085R0202X,,,
1113,2965,408,77,116,,1376501619,2085R0202X,1376501619,1396703690,2085R0202X,1396703690,2085R0202X,,,
1114,2967,408,77,116,,1376501619,2085R0202X,1376501619,1396703690,2085R0202X,1396703690,2085R0202X,,"AZ-TECH RADIOLOGY & OPEN MRI, LLC
2653 W GUADALUPE",860910845
1115,2968,408,77,116,,1376501619,2085R0202X,1376501619,1396703690,2085R0202X,1396703690,2085R0202X,,,
1116,2969,408,77,116,,1376501619,2085R0202X,1376501619,1396703690,2085R0202X,1396703690,2085R0202X,,,
1137,2988,198,77,116,Z125872,1477564094,2085R0202X,1477564094,1396703690,2085R0202X,1396703690,2085R0202X,,,
1138,2989,198,77,116,Z125872,1477564094,2085R0202X,1477564094,1396703690,2085R0202X,1396703690,2085R0202X,,,
1139,2990,198,77,116,Z125872,1477564094,2085R0202X,1477564094,1396703690,2085R0202X,1396703690,2085R0202X,,,
1142,2993,408,77,116,,1376501619,2085R0202X,1376501619,1396703690,2085R0202X,1396703690,2085R0202X,,,
1143,2994,408,77,116,,1376501619,2085R0202X,1376501619,1396703690,2085R0202X,1396703690,2085R0202X,,,
1144,2995,198,77,116,Z125872,1477564094,2085R0202X,1477564094,1396703690,2085R0202X,1396703690,2085R0202X,,,
1150,2849,378,77,116,,1235335324,2085R0202X,1235335324,1396703690,2085R0202X,1396703690,2085R0202X,,"AZ-TECH RADIOLOGY & OPEN MRI, LLC
2653 W GUADALUP",860910845
1151,3001,378,77,116,,1235335324,2085R0202X,1235335324,1396703690,2085R0202X,1396703690,2085R0202X,,,
1154,3004,200,77,116,170506,1083623656,2085R0202X,1083623656,1396703690,2085R0202X,1396703690,2085R0202X,,,
1155,3005,200,77,116,170506,1083623656,2085R0202X,1083623656,1396703690,2085R0202X,1396703690,2085R0202X,,,
1156,3006,200,77,116,170506,1083623656,2085R0202X,1083623656,1396703690,2085R0202X,1396703690,2085R0202X,,,
1169,3019,408,77,116,,1376501619,2085R0202X,1376501619,1396703690,2085R0202X,1396703690,2085R0202X,,,
1170,3020,408,77,116,,1376501619,2085R0202X,1376501619,1396703690,2085R0202X,1396703690,2085R0202X,,,
1171,3021,408,77,116,,1376501619,2085R0202X,1376501619,1396703690,2085R0202X,1396703690,2085R0202X,,,
1172,3022,408,77,116,,1376501619,2085R0202X,1376501619,1396703690,2085R0202X,1396703690,2085R0202X,,,
1173,3023,408,77,116,,1376501619,2085R0202X,1376501619,1396703690,2085R0202X,1396703690,2085R0202X,,,
1174,3024,408,77,116,,1376501619,2085R0202X,1376501619,1396703690,2085R0202X,1396703690,2085R0202X,,,
1175,3025,408,77,116,,1376501619,2085R0202X,1376501619,1396703690,2085R0202X,1396703690,2085R0202X,,,
1186,3019,198,77,116,Z125872,1477564094,2085R0202X,1477564094,1396703690,2085R0202X,1396703690,2085R0202X,,"AZ-TECH RADIOLOGY & OPEN MRI, LLC
2653 W GUADALUPE",860910845
1192,3039,317,77,116,D89914,1831269018,2085R0202X,1831269018,1396703690,2085R0202X,1396703690,2085R0202X,,,
1194,3041,198,77,116,Z125872,1477564094,2085R0202X,1477564094,1396703690,2085R0202X,1396703690,2085R0202X,,,
1196,3042,324,77,116,OTH000,1841425691,2085R0202X,1841425691,1396703690,2085R0202X,1396703690,2085R0202X,,,
1198,3044,378,77,116,,1235335324,2085R0202X,1235335324,1396703690,2085R0202X,1396703690,2085R0202X,,,
1199,3044,324,77,116,OTH000,1841425691,2085R0202X,1841425691,1396703690,2085R0202X,1396703690,2085R0202X,,"AZ-TECH RADIOLOGY & OPEN MRI, LLC
2653 W GUADALUPE",860910845
1201,3045,324,77,116,OTH000,1841425691,2085R0202X,1841425691,1396703690,2085R0202X,1396703690,2085R0202X,,"AZ-TECH RADIOLOGY & OPEN MRI, LLC
2653 W GUADALUPE",860910845
1203,3047,200,77,116,170506,1083623656,2085R0202X,1083623656,1396703690,2085R0202X,1396703690,2085R0202X,,,
1209,3052,378,77,116,,1235335324,2085R0202X,1235335324,1396703690,2085R0202X,1396703690,2085R0202X,,,
1218,3060,408,77,116,,1376501619,2085R0202X,1376501619,1396703690,2085R0202X,1396703690,2085R0202X,,,
1219,3061,408,77,116,,1376501619,2085R0202X,1376501619,1396703690,2085R0202X,1396703690,2085R0202X,,,
1220,3062,408,77,116,,1376501619,2085R0202X,1376501619,1396703690,2085R0202X,1396703690,2085R0202X,,,
1227,2938,378,77,116,,1235335324,2085R0202X,1235335324,1396703690,2085R0202X,1396703690,2085R0202X,,"AZ-TECH RADIOLOGY & OPEN MRI, LLC
2653 W GUADALUP",860910845
1231,3071,198,77,116,Z125872,1477564094,2085R0202X,1477564094,1396703690,2085R0202X,1396703690,2085R0202X,,,
1234,1368,438,77,116,H13040,1619935152,2085R0202X,1619935152,1396703690,2085R0202X,1396703690,2085R0202X,,"AZ-TECH RADIOLOGY & OPEN MRI, LLC
2653 W GUADALUP",860910845
1241,215,200,77,116,170506,1083623656,2085R0202X,1083623656,1396703690,2085R0202X,1396703690,2085R0202X,,"AZ-TECH RADIOLOGY & OPEN MRI, LLC
2653 W GUADALUPE",860910845
1244,3081,438,77,116,H13040,1619935152,2085R0202X,1619935152,1396703690,2085R0202X,1396703690,2085R0202X,,,
1247,167,198,77,116,Z125872,1477564094,2085R0202X,1477564094,1396703690,2085R0202X,1396703690,2085R0202X,,"AZ-TECH RADIOLOGY & OPEN MRI, LLC
2653 W GUADALUPE",860910845
1251,3086,324,77,116,OTH000,1841425691,2085R0202X,1841425691,1396703690,2085R0202X,1396703690,2085R0202X,,,
1264,3096,445,77,116,H75140,1417996018,2085R0202X,1417996018,1396703690,2085R0202X,1396703690,2085R0202X,,,
1266,3098,324,77,116,OTH000,1841425691,2085R0202X,1841425691,1396703690,2085R0202X,1396703690,2085R0202X,,,
1286,3121,378,77,116,,1235335324,2085R0202X,1235335324,1396703690,2085R0202X,1396703690,2085R0202X,,,
1288,3123,445,77,116,H75140,1417996018,2085R0202X,1417996018,1396703690,2085R0202X,1396703690,2085R0202X,,,
1295,1320,200,77,116,170506,1083623656,2085R0202X,1083623656,1396703690,2085R0202X,1396703690,2085R0202X,,"AZ-TECH RADIOLOGY & OPEN MRI, LLC
2653 W GUADALUPE",860910845
1301,3134,198,77,116,Z125872,1477564094,2085R0202X,1477564094,1396703690,2085R0202X,1396703690,2085R0202X,,,
1305,3138,198,77,116,Z125872,1477564094,2085R0202X,1477564094,1396703690,2085R0202X,1396703690,2085R0202X,,,
1310,3141,445,77,116,H75140,1417996018,2085R0202X,1417996018,1396703690,2085R0202X,1396703690,2085R0202X,,,
1315,3145,438,77,116,H13040,1619935152,2085R0202X,1619935152,1396703690,2085R0202X,1396703690,2085R0202X,,,
1316,2761,198,77,116,Z125872,1477564094,2085R0202X,1477564094,1396703690,2085R0202X,1396703690,2085R0202X,,"AZ-TECH RADIOLOGY & OPEN MRI, LLC
2653 W GUADALUP",860910845
1317,3146,198,77,116,Z125872,1477564094,2085R0202X,1477564094,1396703690,2085R0202X,1396703690,2085R0202X,,,
1333,3161,438,77,116,H13040,1619935152,2085R0202X,1619935152,1396703690,2085R0202X,1396703690,2085R0202X,,,
1334,3162,438,77,116,H13040,1619935152,2085R0202X,1619935152,1396703690,2085R0202X,1396703690,2085R0202X,,,
1335,3163,438,77,116,H13040,1619935152,2085R0202X,1619935152,1396703690,2085R0202X,1396703690,2085R0202X,,,
1336,3164,438,77,116,H13040,1619935152,2085R0202X,1619935152,1396703690,2085R0202X,1396703690,2085R0202X,,,
1343,1031,445,77,116,H75140,1417996018,2085R0202X,1417996018,1396703690,2085R0202X,1396703690,2085R0202X,,"AZ-TECH RADIOLOGY & OPEN MRI, LLC
2653 W GUADALUP",860910845
1350,3173,445,77,116,H75140,1417996018,2085R0202X,1417996018,1396703690,2085R0202X,1396703690,2085R0202X,,,
1351,3174,200,77,116,170506,1083623656,2085R0202X,1083623656,1396703690,2085R0202X,1396703690,2085R0202X,,,
1370,3187,378,77,116,,1235335324,2085R0202X,1235335324,1396703690,2085R0202X,1396703690,2085R0202X,,,
1371,2842,378,77,116,,1235335324,2085R0202X,1235335324,1396703690,2085R0202X,1396703690,2085R0202X,,"AZ-TECH RADIOLOGY & OPEN MRI, LLC
2653 W GUADALUP",860910845
1372,3188,378,77,116,,1235335324,2085R0202X,1235335324,1396703690,2085R0202X,1396703690,2085R0202X,,,
1373,3189,198,77,116,Z125872,1477564094,2085R0202X,1477564094,1396703690,2085R0202X,1396703690,2085R0202X,,,
1374,3063,198,77,116,Z125872,1477564094,2085R0202X,1477564094,1396703690,2085R0202X,1396703690,2085R0202X,,"AZ-TECH RADIOLOGY & OPEN MRI, LLC
2653 W GUADALUP",860910845
1375,3190,198,77,116,Z125872,1477564094,2085R0202X,1477564094,1396703690,2085R0202X,1396703690,2085R0202X,,,
1382,3195,445,77,116,H75140,1417996018,2085R0202X,1417996018,1396703690,2085R0202X,1396703690,2085R0202X,,,
1383,3196,198,77,116,Z125872,1477564094,2085R0202X,1477564094,1396703690,2085R0202X,1396703690,2085R0202X,,,
1391,3202,438,77,116,H13040,1619935152,2085R0202X,1619935152,1396703690,2085R0202X,1396703690,2085R0202X,,,
1395,3203,378,77,116,,1235335324,2085R0202X,1235335324,1396703690,2085R0202X,1396703690,2085R0202X,,,
1410,3216,408,77,116,,1376501619,2085R0202X,1376501619,1396703690,2085R0202X,1396703690,2085R0202X,,,
1411,3214,408,77,116,,1376501619,2085R0202X,1376501619,1396703690,2085R0202X,1396703690,2085R0202X,,"AZ-TECH RADIOLOGY & OPEN MRI, LLC
2653 W GUADALUPE",860910845
1416,3220,438,77,134,H13040,1619935152,2085R0202X,1619935152,1396703690,2085R0202X,1396703690,2085R0202X,,,
1417,3221,198,77,116,Z125872,1477564094,2085R0202X,1477564094,1396703690,2085R0202X,1396703690,2085R0202X,,,
1421,3225,198,77,134,Z125872,1477564094,2085R0202X,1477564094,1396703690,2085R0202X,1396703690,2085R0202X,,,
1433,3,198,77,116,Z125872,1477564094,2085R0202X,1477564094,1396703690,2085R0202X,1396703690,2085R0202X,8884882702,"AZ-TECH RADIOLOGY & OPEN MRI, LLC
2653 W GUADALUP",860910845
1437,2603,198,77,116,Z125872,1477564094,2085R0202X,1477564094,1396703690,2085R0202X,1396703690,2085R0202X,8884882702,"AZ-TECH RADIOLOGY & OPEN MRI, LLC
2653 W GUADALUP",860910845
1438,3238,445,77,116,H75140,1417996018,2085R0202X,1417996018,1396703690,2085R0202X,1396703690,2085R0202X,,,
1445,1118,378,77,116,,1235335324,2085R0202X,1235335324,1396703690,2085R0202X,1396703690,2085R0202X,8884882702,"AZ-TECH RADIOLOGY & OPEN MRI, LLC
2653 W GUADALUP",860910845
1448,3246,378,77,116,,1235335324,2085R0202X,1235335324,1396703690,2085R0202X,1396703690,2085R0202X,,,
1449,3247,378,77,116,,1235335324,2085R0202X,1235335324,1396703690,2085R0202X,1396703690,2085R0202X,,,
1451,2961,378,77,116,,1235335324,2085R0202X,1235335324,1396703690,2085R0202X,1396703690,2085R0202X,8884882702,"AZ-TECH RADIOLOGY & OPEN MRI, LLC
2653 W GUADALUP",860910845
1463,1915,200,77,134,170506,1083623656,2085R0202X,1083623656,1396703690,2085R0202X,1396703690,2085R0202X,8884882702,"AZ-TECH RADIOLOGY & OPEN MRI, LLC
2653 W GUADALUPE",860910845
1466,2872,198,77,116,Z125872,1477564094,2085R0202X,1477564094,1396703690,2085R0202X,1396703690,2085R0202X,8884882702,"AZ-TECH RADIOLOGY & OPEN MRI, LLC
2653 W GUADALUP",860910845
1471,2634,445,77,116,H75140,1417996018,2085R0202X,1417996018,1396703690,2085R0202X,1396703690,2085R0202X,8884882702,"AZ-TECH RADIOLOGY & OPEN MRI, LLC
2653 W GUADALUP",860910845
1487,3273,445,77,116,H75140,1417996018,2085R0202X,1417996018,1396703690,2085R0202X,1396703690,2085R0202X,,,
1489,3274,200,77,116,170506,1083623656,2085R0202X,1083623656,1396703690,2085R0202X,1396703690,2085R0202X,,,
1499,1411,378,77,116,,1235335324,2085R0202X,1235335324,1396703690,2085R0202X,1396703690,2085R0202X,8884882702,"AZ-TECH RADIOLOGY & OPEN MRI, LLC
2653 W GUADALUP",860910845
1513,3288,198,77,116,Z125872,1477564094,2085R0202X,1477564094,1396703690,2085R0202X,1396703690,2085R0202X,,,
1514,3289,445,77,116,H75140,1417996018,2085R0202X,1417996018,1396703690,2085R0202X,1396703690,2085R0202X,,,
1518,3293,445,77,116,H75140,1417996018,2085R0202X,1417996018,1396703690,2085R0202X,1396703690,2085R0202X,,,
1603,3359,200,77,116,170506,1083623656,2085R0202X,1083623656,1396703690,2085R0202X,1396703690,2085R0202X,,,
1611,3366,198,77,116,Z125872,1477564094,2085R0202X,1477564094,1396703690,2085R0202X,1396703690,2085R0202X,,,
1613,3367,200,77,134,170506,1083623656,2085R0202X,1083623656,1396703690,2085R0202X,1396703690,2085R0202X,,,
1618,3372,378,77,134,,1235335324,2085R0202X,1235335324,1396703690,2085R0202X,1396703690,2085R0202X,,,
1626,2358,378,77,116,,1235335324,2085R0202X,1235335324,1396703690,2085R0202X,1396703690,2085R0202X,8884882702,"AZ-TECH RADIOLOGY & OPEN MRI, LLC
2653 W GUADALUP",860910845
1666,2929,438,77,116,H13040,1619935152,2085R0202X,1619935152,1396703690,2085R0202X,1396703690,2085R0202X,8884882702,"AZ-TECH RADIOLOGY & OPEN MRI, LLC
2653 W GUADALUP",860910845
1684,3431,198,77,116,Z125872,1477564094,2085R0202X,1477564094,1396703690,2085R0202X,1396703690,2085R0202X,,,
1700,3444,198,77,116,Z125872,1477564094,2085R0202X,1477564094,1396703690,2085R0202X,1396703690,2085R0202X,,,
1722,3311,438,77,116,H13040,1619935152,2085R0202X,1619935152,1396703690,2085R0202X,1396703690,2085R0202X,8884882702,"AZ-TECH RADIOLOGY & OPEN MRI, LLC
2653 W GUADALUP",860910845
1733,2319,324,77,116,OTH000,1841425691,2085R0202X,1841425691,1396703690,2085R0202X,1396703690,2085R0202X,8884882702,"AZ-TECH RADIOLOGY & OPEN MRI, LLC
2653 W GUADALUP",860910845
1752,3488,445,77,116,H75140,1417996018,2085R0202X,1417996018,1396703690,2085R0202X,1396703690,2085R0202X,,,
1775,3507,408,77,116,,1376501619,2085R0202X,1376501619,1396703690,2085R0202X,1396703690,2085R0202X,,,
1828,3552,378,77,134,,1235335324,2085R0202X,1235335324,1396703690,2085R0202X,1396703690,2085R0202X,,,
1832,3556,438,77,116,H13040,1619935152,2085R0202X,1619935152,1396703690,2085R0202X,1396703690,2085R0202X,,,
1858,3579,408,77,134,,1376501619,2085R0202X,1376501619,1396703690,2085R0202X,1396703690,2085R0202X,,,
1880,289,198,77,116,Z125872,1477564094,2085R0202X,1477564094,1396703690,2085R0202X,1396703690,2085R0202X,8884882702,"AZ-TECH RADIOLOGY & OPEN MRI, LLC
2653 W GUADALUP",860910845
1982,3687,198,77,116,Z125872,1477564094,2085R0202X,1477564094,1396703690,2085R0202X,1396703690,2085R0202X,,,
1988,3692,378,77,116,,1235335324,2085R0202X,1235335324,1396703690,2085R0202X,1396703690,2085R0202X,,,
1995,3697,317,77,116,D89914,1831269018,2085R0202X,1831269018,1396703690,2085R0202X,1396703690,2085R0202X,,,
1996,3698,317,77,116,D89914,1831269018,2085R0202X,1831269018,1396703690,2085R0202X,1396703690,2085R0202X,,,
1997,3699,317,77,116,D89914,1831269018,2085R0202X,1831269018,1396703690,2085R0202X,1396703690,2085R0202X,,,
2043,3740,408,77,134,,1376501619,2085R0202X,1376501619,1396703690,2085R0202X,1396703690,2085R0202X,,,
2056,3748,438,77,116,H13040,1619935152,2085R0202X,1619935152,1396703690,2085R0202X,1396703690,2085R0202X,8884882702,"AZ-TECH RADIOLOGY & OPEN MRI, LLC
2653 W GUADALUP",860910845
2073,3765,408,77,134,,1376501619,2085R0202X,1376501619,1396703690,2085R0202X,1396703690,2085R0202X,,,
2074,3766,408,77,134,,1376501619,2085R0202X,1376501619,1396703690,2085R0202X,1396703690,2085R0202X,,,
2077,3768,408,77,134,,1376501619,2085R0202X,1376501619,1396703690,2085R0202X,1396703690,2085R0202X,,,
2080,3770,408,77,134,,1376501619,2085R0202X,1376501619,1396703690,2085R0202X,1396703690,2085R0202X,,,
2088,931,438,77,134,H13040,1619935152,2085R0202X,1619935152,1396703690,2085R0202X,1396703690,2085R0202X,8884882702,"AZ-TECH RADIOLOGY & OPEN MRI, LLC
2653 W GUADALUP",860910845
2089,3778,438,77,134,H13040,1619935152,2085R0202X,1619935152,1396703690,2085R0202X,1396703690,2085R0202X,,,
2093,3782,324,77,116,OTH000,1841425691,2085R0202X,1841425691,1396703690,2085R0202X,1396703690,2085R0202X,,,
2094,3783,324,77,116,OTH000,1841425691,2085R0202X,1841425691,1396703690,2085R0202X,1396703690,2085R0202X,,,
2095,3784,324,77,116,OTH000,1841425691,2085R0202X,1841425691,1396703690,2085R0202X,1396703690,2085R0202X,,,
2096,3785,324,77,116,OTH000,1841425691,2085R0202X,1841425691,1396703690,2085R0202X,1396703690,2085R0202X,,,
2097,3786,324,77,116,OTH000,1841425691,2085R0202X,1841425691,1396703690,2085R0202X,1396703690,2085R0202X,,,
2098,3787,324,77,116,OTH000,1841425691,2085R0202X,1841425691,1396703690,2085R0202X,1396703690,2085R0202X,,,
2099,3788,324,77,116,OTH000,1841425691,2085R0202X,1841425691,1396703690,2085R0202X,1396703690,2085R0202X,,,
2120,3807,324,77,116,OTH000,1841425691,2085R0202X,1841425691,1396703690,2085R0202X,1396703690,2085R0202X,,,
2121,3808,324,77,116,OTH000,1841425691,2085R0202X,1841425691,1396703690,2085R0202X,1396703690,2085R0202X,,,
2142,787,198,77,116,Z125872,1477564094,2085R0202X,1477564094,1396703690,2085R0202X,1396703690,2085R0202X,8884882702,"AZ-TECH RADIOLOGY & OPEN MRI, LLC
2653 W GUADALUP",860910845
2153,3428,195,77,116,G28017,1851349500,2085R0202X,1851349500,1396703690,2085R0202X,1396703690,2085R0202X,8884882702,"AZ-TECH RADIOLOGY & OPEN MRI, LLC
2653 W GUADALUPE",860910845
2154,3838,195,77,116,G28017,1851349500,2085R0202X,1851349500,1396703690,2085R0202X,1396703690,2085R0202X,,,
2162,3846,317,77,134,D89914,1831269018,2085R0202X,1831269018,1396703690,2085R0202X,1396703690,2085R0202X,,,
2175,3459,378,77,134,,1235335324,2085R0202X,1235335324,1396703690,2085R0202X,1396703690,2085R0202X,8884882702,"AZ-TECH RADIOLOGY & OPEN MRI, LLC
2653 W GUADALUP",860910845
2176,3857,378,77,134,,1235335324,2085R0202X,1235335324,1396703690,2085R0202X,1396703690,2085R0202X,,,
